{
    "RAINFOREST_RESIN": {
        "avg_spread": 6.7767,
        "min_spread": 2.0,
        "max_spread": 10.0,
        "volatility": 0.021242220446788966,
        "price_range": {
            "min": 9996.5,
            "max": 10003.5,
            "mean": 9999.99975
        }
    },
    "KELP": {
        "avg_spread": 2.7292,
        "min_spread": 1.0,
        "max_spread": 4.0,
        "volatility": 0.0381655874992509,
        "price_range": {
            "min": 2024.5,
            "max": 2044.5,
            "mean": 2034.5516
        }
    },
    "SQUID_INK": {
        "avg_spread": 2.6187,
        "min_spread": 1.0,
        "max_spread": 4.0,
        "volatility": 0.06875032110859584,
        "price_range": {
            "min": 1810.5,
            "max": 1986.5,
            "mean": 1907.83865
        }
    }
}